license_plate,date,name,raw_text,Json
,18-11-2010,Zahidul Hashan,"ডাঃ এসকে. এম. জয়নাল আবেদীন
এম.বি.বি.এস; ডি অর্থো (ডি.ইউ)
এফ.ও.এস (এন.ইউ.এইচ, সিঙ্গাপুর)
প্রাক্তন অর্থোপেডিক সার্জন : জাতীয় পঙ্গু ও পুনর্বাসন হাসপাতাল
এবং এমওএইচ, সৌদি আরব
সিনিয়র কনসালটেন্ট অর্থোপেডিক সার্জন
প্রিন্সিপাল : ট্রমা ইনস্টিটিউট অব মেডিকেল টেকনোলজি
TRAUMA CENTER
চেম্বার : ট্রমা সেন্টার
২২/৮/এ ব্লক-বি (শিশু মেলার বিপরীতে)
শ্যামলী, মিরপুর রোড, ঢাকা
ফোন : ৮১১৬৬৬৯, ৮১৩৫৫০৮, ৯১১১০৫৮, ৯১৪৬৩১৪, ৯১৪৬৫৭৬, ৯১৪৬৫৮৩
ফ্যাক্স : ৮৮০-২-৮১১৪৩৮৮

নাম : Zahidul Hashan  বয়স : 32Y  তারিখ : 18/11/10

Rx
c/o Pain Rt knee - 1 mth
Difficulty in going up by stair
No bony tenderness

Adv: Xray
Rt Knee
- AP
- Lat
- Axial
- Tunnel V

Rx
1) Tab. Ultrafen-plus 50mg - 1 + 0 + 1 খাওয়ার পর
2) Tab. Relentus - 0 + 0 + 1
3) Cap. Progut 20mg - 1 + 0 + 1 খাওয়ার আগে
4) Tab. Ultracal-D - 0 + 1 + 0
5) Tab. Cartilix - 1 + 0 + 1

11/12/10
Adv: MRI -> Rt Knee

Adv: 1) Knee Cap Rt
2) physio + SWD + Exercise Rt Knee

Rx
Tab. Diclofenac 50mg - 1 + 0 + 1 খাওয়ার পর
Tab. Ultracal-D - 0 + 1 + 0
Cap. Omeprazole - 1 + 0 + 1

সাক্ষাতের সময় : সকাল ৯টা-বিকাল ৩টা পর্যন্ত (শুক্রবার বন্ধ), মোবাইল : ০১৭১৫-৪৯২১৮৫, ০১৭২২-৫১৮৬৪৪
পরবর্তী সাক্ষাতে ব্যবস্থাপত্র সঙ্গে আনবেন।",{
,,,,"  ""license_plate"": null,"
,,,,"  ""date"": ""18-11-2010"","
,,,,"  ""name"": ""Zahidul Hashan"","
,,,,"  ""raw_text"": ""??? ????. ??. ????? ??????\n??.??.??.??; ?? ????? (??.??)\n??.?.?? (??.??.???, ?????????)\n???????? ?????????? ?????? : ????? ????? ? ????????? ????????\n??? ??????, ???? ???\n?????? ?????????? ?????????? ??????\n??????????? : ????? ?????????? ?? ??????? ????????\nTRAUMA CENTER\n??????? : ????? ???????\n??/?/? ????-?? (???? ????? ???????)\n???????, ?????? ???, ????\n??? : ???????, ???????, ???????, ???????, ???????, ???????\n??????? : ???-?-???????\n\n??? : Zahidul Hashan  ??? : 32Y  ????? : 18/11/10\n\nRx\nc/o Pain Rt knee - 1 mth\nDifficulty in going up by stair\nNo bony tenderness\n\nAdv: Xray\nRt Knee\n- AP\n- Lat\n- Axial\n- Tunnel V\n\nRx\n1) Tab. Ultrafen-plus 50mg - 1 + 0 + 1 ?????? ??\n2) Tab. Relentus - 0 + 0 + 1\n3) Cap. Progut 20mg - 1 + 0 + 1 ?????? ???\n4) Tab. Ultracal-D - 0 + 1 + 0\n5) Tab. Cartilix - 1 + 0 + 1\n\n11/12/10\nAdv: MRI -> Rt Knee\n\nAdv: 1) Knee Cap Rt\n2) physio + SWD + Exercise Rt Knee\n\nRx\nTab. Diclofenac 50mg - 1 + 0 + 1 ?????? ??\nTab. Ultracal-D - 0 + 1 + 0\nCap. Omeprazole - 1 + 0 + 1\n\n????????? ??? : ???? ???-????? ??? ??????? (???????? ????), ?????? : ?????-??????, ?????-??????\n??????? ???????? ???????????? ????? ??????"""
,,,,}
